"YR_MTH","LOCATION","OPEN_DATE","CAP","NO_VEHICLE","UTL_RATE"
"201301","Yau Ma Tei",1957-10-12,772,31487,31.3471502590674
"201301","Star Ferry",1957-12-02,370,25521,38.6486486486486
"201301","City Hall",1959-11-12,165,4401,15.1515151515152
"201301","Middle Road",1965-01-11,785,41303,31.9745222929936
"201301","Rumsey Street",1970-06-01,822,29697,44.5255474452555
"201301","Murray Road",1973-07-30,389,17393,34.7043701799486
"201301","Aberdeen",1981-07-02,301,7000,64.4518272425249
"201301","Kwai Fong",1983-05-10,562,4964,27.2241992882562
"201301","Tsuen Wan",1983-07-18,603,17576,42.12271973466
"201301","Tsuen Wan Transport Complex",1986-04-01,778,6337,20.3084832904884
"201301","Shau Kei Wan",1988-04-01,381,13213,67.4540682414698
"201301","Tin Hau",1989-08-01,426,16180,60.7981220657277
"201301","Sheung Fung Street",1989-09-01,271,9560,67.8966789667897
"201301","Kennedy Town",2007-01-15,195,7458,90.2564102564103
"201302","Yau Ma Tei",1957-10-12,772,25995,29.5336787564767
"201302","Star Ferry",1957-12-02,370,21215,35.4054054054054
"201302","City Hall",1959-11-12,165,3590,13.3333333333333
"201302","Middle Road",1965-01-11,785,33962,28.9171974522293
"201302","Rumsey Street",1970-06-01,822,26859,51.5815085158151
"201302","Murray Road",1973-07-30,389,13896,32.3907455012853
"201302","Aberdeen",1981-07-02,301,6389,64.4518272425249
"201302","Kwai Fong",1983-05-10,562,4652,27.5800711743772
"201302","Tsuen Wan",1983-07-18,603,17453,45.6053067993366
"201302","Shau Kei Wan",1988-04-01,381,12217,70.0787401574803
"201302","Tin Hau",1989-08-01,426,16839,62.4413145539906
"201302","Sheung Fung Street",1989-09-01,271,8650,71.9557195571956
"201302","Kennedy Town",2007-01-15,195,6204,90.2564102564103
"201303","Yau Ma Tei",1957-10-12,772,29982,30.699481865285
"201303","Star Ferry",1957-12-02,370,25684,38.3783783783784
"201303","City Hall",1959-11-12,165,4555,13.9393939393939
"201303","Middle Road",1965-01-11,785,41595,31.3375796178344
"201303","Rumsey Street",1970-06-01,822,30273,49.7566909975669
"201303","Murray Road",1973-07-30,389,17610,34.7043701799486
"201303","Aberdeen",1981-07-02,301,7209,65.78073089701
"201303","Kwai Fong",1983-05-10,562,5351,28.8256227758007
"201303","Tsuen Wan",1983-07-18,603,18986,47.9270315091211
"201303","Shau Kei Wan",1988-04-01,381,13677,71.6535433070866
"201303","Tin Hau",1989-08-01,426,15583,60.5633802816901
"201303","Sheung Fung Street",1989-09-01,271,9615,69.7416974169742
"201303","Kennedy Town",2007-01-15,195,6967,90.2564102564103
"201304","Yau Ma Tei",1957-10-12,772,28551,31.4766839378238
"201304","Star Ferry",1957-12-02,370,24042,37.5675675675676
"201304","City Hall",1959-11-12,165,4361,15.1515151515152
"201304","Middle Road",1965-01-11,785,39182,31.2101910828025
"201304","Rumsey Street",1970-06-01,822,29717,49.5133819951338
"201304","Murray Road",1973-07-30,389,17138,34.9614395886889
"201304","Aberdeen",1981-07-02,301,7315,67.7740863787375
"201304","Kwai Fong",1983-05-10,562,5291,30.0711743772242
"201304","Tsuen Wan",1983-07-18,603,17905,47.7611940298507
"201304","Shau Kei Wan",1988-04-01,381,13711,73.753280839895
"201304","Tin Hau",1989-08-01,426,12305,57.7464788732394
"201304","Sheung Fung Street",1989-09-01,271,9544,70.479704797048
"201304","Kennedy Town",2007-01-15,195,6224,90.7692307692308
"201305","Sheung Fung Street",1989-09-01,271,9811,71.2177121771218
"201305","Kennedy Town",2007-01-15,195,6176,90.7692307692308
"201305","Yau Ma Tei",1957-10-12,772,31541,33.419689119171
"201305","Star Ferry",1957-12-02,370,25993,40
"201305","City Hall",1959-11-12,165,4718,16.969696969697
"201305","Middle Road",1965-01-11,785,44326,34.0127388535032
"201305","Rumsey Street",1970-06-01,822,31525,51.4598540145985
"201305","Murray Road",1973-07-30,389,17802,35.9897172236504
"201305","Aberdeen",1981-07-02,301,7457,68.1063122923588
"201305","Kwai Fong",1983-05-10,562,5795,32.0284697508897
"201305","Tsuen Wan",1983-07-18,603,19412,45.771144278607
"201305","Shau Kei Wan",1988-04-01,381,13743,75.0656167979003
"201305","Tin Hau",1989-08-01,426,13792,57.0422535211268
"201306","Yau Ma Tei",1957-10-12,772,30644,34.9740932642487
"201306","Star Ferry",1957-12-02,370,24777,40.5405405405405
"201306","City Hall",1959-11-12,165,4776,15.7575757575758
"201306","Middle Road",1965-01-11,785,42696,33.8853503184713
"201306","Rumsey Street",1970-06-01,822,30416,50.1216545012166
"201306","Murray Road",1973-07-30,389,16953,36.2467866323907
"201306","Aberdeen",1981-07-02,301,7280,69.7674418604651
"201306","Kwai Fong",1983-05-10,562,6123,33.8078291814947
"201306","Tsuen Wan",1983-07-18,603,19931,47.7611940298507
"201306","Shau Kei Wan",1988-04-01,381,13727,75.5905511811024
"201306","Tin Hau",1989-08-01,426,13077,56.1032863849765
"201306","Sheung Fung Street",1989-09-01,271,9959,72.3247232472325
"201306","Kennedy Town",2007-01-15,195,6499,90.2564102564103
"201307","Murray Road",1973-07-30,389,16971,34.7043701799486
"201307","Rumsey Street",1970-06-01,822,31887,50.1216545012166
"201307","Middle Road",1965-01-11,785,42575,34.0127388535032
"201307","City Hall",1959-11-12,165,4296,14.5454545454545
"201307","Star Ferry",1957-12-02,370,23477,37.2972972972973
"201307","Yau Ma Tei",1957-10-12,772,33892,41.3212435233161
"201307","Kennedy Town",2007-01-15,195,6709,89.7435897435898
"201307","Kwai Fong",1983-05-10,562,6344,33.9857651245552
"201307","Tsuen Wan",1983-07-18,603,19832,57.87728026534
"201307","Shau Kei Wan",1988-04-01,381,13463,75.5905511811024
"201307","Tin Hau",1989-08-01,426,12708,57.2769953051643
"201307","Sheung Fung Street",1989-09-01,271,9920,70.1107011070111
"201307","Aberdeen",1981-07-02,301,7252,70.0996677740864
"201308","Murray Road",1973-07-30,389,17240,35.2185089974293
"201308","Rumsey Street",1970-06-01,822,32902,53.1630170316302
"201308","Middle Road",1965-01-11,785,44084,34.7770700636943
"201308","City Hall",1959-11-12,165,4750,15.7575757575758
"201308","Star Ferry",1957-12-02,370,24571,38.3783783783784
"201308","Yau Ma Tei",1957-10-12,772,34609,43.0051813471503
"201308","Aberdeen",1981-07-02,301,7315,72.4252491694352
"201308","Kennedy Town",2007-01-15,195,6510,88.7179487179487
"201308","Sheung Fung Street",1989-09-01,271,9828,72.6937269372694
"201308","Tin Hau",1989-08-01,426,12771,61.0328638497653
"201308","Shau Kei Wan",1988-04-01,381,13504,75.3280839895013
"201308","Tsuen Wan",1983-07-18,603,20519,61.028192371476
"201308","Kwai Fong",1983-05-10,562,6659,36.8327402135231
"201309","Yau Ma Tei",1957-10-12,772,33204,43.3937823834197
"201309","Star Ferry",1957-12-02,370,24404,38.9189189189189
"201309","City Hall",1959-11-12,165,4812,15.7575757575758
"201309","Middle Road",1965-01-11,785,42272,34.3949044585987
"201309","Rumsey Street",1970-06-01,822,31275,53.5279805352798
"201309","Murray Road",1973-07-30,389,17309,35.9897172236504
"201309","Kennedy Town",2007-01-15,195,6282,89.2307692307692
"201309","Tin Hau",1989-08-01,426,14862,62.4413145539906
"201309","Shau Kei Wan",1988-04-01,381,13092,76.6404199475066
"201309","Tsuen Wan",1983-07-18,603,20392,62.8524046434494
"201309","Kwai Fong",1983-05-10,562,6665,39.3238434163701
"201309","Aberdeen",1981-07-02,301,7093,80.0664451827243
"201309","Sheung Fung Street",1989-09-01,268,9963,73.8805970149254
"201310","Tin Hau",1989-08-01,426,13802,62.9107981220657
"201310","Shau Kei Wan",1988-04-01,381,13852,76.6404199475066
"201310","Kennedy Town",2007-01-15,195,5887,89.2307692307692
"201310","Sheung Fung Street",1989-09-01,268,10057,73.5074626865672
"201310","Tsuen Wan",1983-07-18,603,20564,61.8573797678275
"201310","Kwai Fong",1983-05-10,562,7384,41.6370106761566
"201310","Aberdeen",1981-07-02,301,7249,81.063122923588
"201310","Murray Road",1973-07-30,389,18243,36.5038560411311
"201310","Rumsey Street",1970-06-01,822,31843,51.4598540145985
"201310","Middle Road",1965-01-11,785,43346,34.140127388535
"201310","City Hall",1959-11-12,165,4776,15.7575757575758
"201310","Star Ferry",1957-12-02,370,26806,40.8108108108108
"201310","Yau Ma Tei",1957-10-12,772,35972,45.3367875647668
"201311","Tin Hau",1989-08-01,426,15102,65.2582159624413
"201311","Yau Ma Tei",1957-10-12,772,36345,47.4093264248705
"201311","Kennedy Town",2007-01-15,195,5955,87.1794871794872
"201311","Sheung Fung Street",1989-09-01,268,9720,74.2537313432836
"201311","Star Ferry",1957-12-02,370,27373,42.7027027027027
"201311","City Hall",1959-11-12,165,5224,16.969696969697
"201311","Middle Road",1965-01-11,785,44635,35.9235668789809
"201311","Rumsey Street",1970-06-01,822,31801,50.9732360097324
"201311","Murray Road",1973-07-30,389,19049,38.0462724935733
"201311","Aberdeen",1981-07-02,301,7158,83.0564784053156
"201311","Kwai Fong",1983-05-10,562,7770,44.1281138790036
"201311","Tsuen Wan",1983-07-18,603,20288,63.5157545605307
"201311","Shau Kei Wan",1988-04-01,381,13269,77.1653543307087
"201312","Tin Hau",1989-08-01,426,19948,70.8920187793427
"201312","Sheung Fung Street",1989-09-01,268,10133,74.6268656716418
"201312","Kennedy Town",2007-01-15,195,7811,71.2820512820513
"201312","Shau Kei Wan",1988-04-01,381,14164,76.3779527559055
"201312","Tsuen Wan",1983-07-18,603,22074,65.0082918739635
"201312","Kwai Fong",1983-05-10,562,8580,46.9750889679715
"201312","Yau Ma Tei",1957-10-12,772,37868,47.7979274611399
"201312","Murray Road",1973-07-30,388,19465,38.4020618556701
"201312","Rumsey Street",1970-06-01,822,32748,52.0681265206813
"201312","Middle Road",1965-01-11,785,45824,34.7770700636943
"201312","City Hall",1959-11-12,165,5086,15.1515151515152
"201312","Star Ferry",1957-12-02,370,26722,40.5405405405405
"201312","Aberdeen",1981-07-02,301,7386,78.4053156146179
"201401","Yau Ma Tei",1957-10-12,772,39025,48.9637305699482
"201401","Star Ferry",1957-12-02,370,26350,41.0810810810811
"201401","City Hall",1959-11-12,165,5381,16.3636363636364
"201401","Middle Road",1965-01-11,785,43093,32.7388535031847
"201401","Rumsey Street",1970-06-01,822,33028,51.5815085158151
"201401","Murray Road",1973-07-30,388,19402,39.6907216494845
"201401","Aberdeen",1981-07-02,301,7555,74.0863787375415
"201401","Kwai Fong",1983-05-10,562,9625,48.3985765124555
"201401","Tsuen Wan",1983-07-18,603,23507,65.1741293532338
"201401","Shau Kei Wan",1988-04-01,381,15245,77.4278215223097
"201401","Tin Hau",1989-08-01,426,20834,72.0657276995305
"201401","Sheung Fung Street",1989-09-01,268,11076,75.3731343283582
"201401","Kennedy Town",2007-01-15,195,8720,70.2564102564102
"201402","Kennedy Town",2007-01-15,195,7427,70.7692307692308
"201402","Yau Ma Tei",1957-10-12,776,31317,48.4536082474227
"201402","Star Ferry",1957-12-02,379,21704,39.5778364116095
"201402","City Hall",1959-11-12,175,4857,16.5714285714286
"201402","Middle Road",1965-01-11,785,38654,33.6305732484076
"201402","Rumsey Street",1970-06-01,819,30285,55.9218559218559
"201402","Murray Road",1973-07-30,388,17131,39.1752577319588
"201402","Aberdeen",1981-07-02,293,6467,75.7679180887372
"201402","Kwai Fong",1983-05-10,552,8295,50.9057971014493
"201402","Tsuen Wan",1983-07-18,605,19330,65.2892561983471
"201402","Shau Kei Wan",1988-04-01,383,12408,78.0678851174935
"201402","Tin Hau",1989-08-01,430,13022,65.1162790697674
"201402","Sheung Fung Street",1989-09-01,268,9094,77.2388059701492
"201403","Yau Ma Tei",1957-10-12,776,36774,49.4845360824742
"201403","Star Ferry",1957-12-02,379,26830,42.4802110817942
"201403","City Hall",1959-11-12,175,5533,16.5714285714286
"201403","Middle Road",1965-01-11,785,47252,36.687898089172
"201403","Rumsey Street",1970-06-01,819,34228,55.5555555555556
"201403","Murray Road",1973-07-30,388,20272,40.979381443299
"201403","Aberdeen",1981-07-02,293,7478,72.3549488054608
"201403","Kwai Fong",1983-05-10,552,10072,54.1666666666667
"201403","Tsuen Wan",1983-07-18,547,22309,68.5557586837294
"201403","Shau Kei Wan",1988-04-01,383,14932,78.5900783289817
"201403","Tin Hau",1989-08-01,430,16188,65.5813953488372
"201403","Sheung Fung Street",1989-09-01,268,10387,76.4925373134328
"201403","Kennedy Town",2007-01-15,195,8908,68.7179487179487
"201404","Yau Ma Tei",1957-10-12,776,34059,48.5824742268041
"201404","Star Ferry",1957-12-02,379,24171,41.1609498680739
"201404","City Hall",1959-11-12,175,5266,16
"201404","Middle Road",1965-01-11,785,44115,36.8152866242038
"201404","Rumsey Street",1970-06-01,819,32346,55.6776556776557
"201404","Murray Road",1973-07-30,388,18325,40.7216494845361
"201404","Aberdeen",1981-07-02,293,7288,75.0853242320819
"201404","Kwai Fong",1983-05-10,552,9712,57.2463768115942
"201404","Tsuen Wan",1983-07-18,547,21447,76.4168190127971
"201404","Shau Kei Wan",1988-04-01,383,14341,79.11227154047
"201404","Tin Hau",1989-08-01,430,13037,63.4883720930233
"201404","Sheung Fung Street",1989-09-01,268,9946,73.8805970149254
"201404","Kennedy Town",2007-01-15,195,8252,67.6923076923077
"201405","Yau Ma Tei",1957-10-12,776,37641,50.2577319587629
"201405","Star Ferry",1957-12-02,379,25474,40.6332453825858
"201405","City Hall",1959-11-12,175,6226,18.2857142857143
"201405","Middle Road",1965-01-11,785,47307,37.0700636942675
"201405","Rumsey Street",1970-06-01,819,33898,51.5262515262515
"201405","Murray Road",1973-07-30,388,20463,41.4948453608247
"201405","Aberdeen",1981-07-02,293,7357,77.4744027303754
"201405","Kwai Fong",1983-05-10,552,10162,58.695652173913
"201405","Tsuen Wan",1983-07-18,547,23569,80.8043875685558
"201405","Shau Kei Wan",1988-04-01,383,15169,77.8067885117493
"201405","Tin Hau",1989-08-01,430,14936,65.3488372093023
"201405","Sheung Fung Street",1989-09-01,268,10737,75.3731343283582
"201405","Kennedy Town",2007-01-15,195,9396,68.7179487179487
"201406","Middle Road",1965-01-11,785,43325,34.0127388535032
"201406","Rumsey Street",1970-06-01,819,33075,54.0903540903541
"201406","Murray Road",1973-07-30,388,20423,42.2680412371134
"201406","Aberdeen",1981-07-02,293,6953,74.4027303754266
"201406","Kwai Fong",1983-05-10,552,10037,59.7826086956522
"201406","Tsuen Wan",1983-07-18,547,23112,81.7184643510055
"201406","Shau Kei Wan",1988-04-01,383,14232,77.8067885117493
"201406","Tin Hau",1989-08-01,430,14169,64.4186046511628
"201406","Sheung Fung Street",1989-09-01,268,10115,75
"201406","Kennedy Town",2007-01-15,195,9427,75.8974358974359
"201406","Yau Ma Tei",1957-10-12,776,35304,49.3556701030928
"201406","Star Ferry",1957-12-02,379,24373,39.8416886543536
"201406","City Hall",1959-11-12,175,5230,16
"201407","Yau Ma Tei",1957-10-12,776,36865,52.5773195876289
"201407","Star Ferry",1957-12-02,379,23468,38.2585751978892
"201407","City Hall",1959-11-12,175,4635,14.2857142857143
"201407","Rumsey Street",1970-06-01,819,34904,55.3113553113553
"201407","Murray Road",1973-07-30,388,19174,40.979381443299
"201407","Kennedy Town",2007-01-15,195,9716,75.8974358974359
"201407","Kwai Fong",1983-05-10,552,11099,61.4130434782609
"201407","Tsuen Wan",1983-07-18,547,23126,79.7074954296161
"201407","Shau Kei Wan",1988-04-01,383,14517,77.8067885117493
"201407","Tin Hau",1989-08-01,430,13715,64.8837209302326
"201407","Sheung Fung Street",1989-09-01,268,10525,76.1194029850746
"201407","Aberdeen",1981-07-02,293,6981,73.3788395904437
"201408","Kennedy Town",2007-01-15,195,10272,76.4102564102564
"201408","Tin Hau",1989-08-01,430,14479,65.5813953488372
"201408","Sheung Fung Street",1989-09-01,268,10703,78.3582089552239
"201408","Shau Kei Wan",1988-04-01,383,14971,77.023498694517
"201408","Tsuen Wan",1983-07-18,547,24785,79.1590493601463
"201408","Kwai Fong",1983-05-10,552,11396,61.7753623188406
"201408","Aberdeen",1981-07-02,293,7208,77.8156996587031
"201408","Murray Road",1973-07-30,388,20572,42.5257731958763
"201408","Rumsey Street",1970-06-01,819,35538,59.7069597069597
"201408","City Hall",1959-11-12,172,5582,16.2790697674419
"201408","Star Ferry",1957-12-02,379,24726,40.3693931398417
"201408","Yau Ma Tei",1957-10-12,776,37723,54.5103092783505
"201409","Kennedy Town",2007-01-15,195,9654,77.4358974358974
"201409","Sheung Fung Street",1989-09-01,268,10493,78.7313432835821
"201409","Tin Hau",1989-08-01,430,15627,67.906976744186
"201409","Shau Kei Wan",1988-04-01,383,14283,77.5456919060052
"201409","Tsuen Wan",1983-07-18,547,24387,78.2449725776965
"201409","Yau Ma Tei",1957-10-12,776,36182,55.798969072165
"201409","Aberdeen",1981-07-02,293,7310,75.7679180887372
"201409","Murray Road",1973-07-30,388,19615,43.298969072165
"201409","Rumsey Street",1970-06-01,819,33025,57.6312576312576
"201409","City Hall",1959-11-12,172,5729,19.7674418604651
"201409","Star Ferry",1957-12-02,379,22436,38.5224274406332
"201409","Kwai Fong",1983-05-10,552,11370,61.5942028985507
"201410","City Hall",1959-11-12,172,0,0
"201410","Star Ferry",1957-12-02,379,6297,12.9287598944591
"201410","Yau Ma Tei",1957-10-12,771,34680,53.9559014267185
"201410","Kwai Fong",1983-05-10,552,11144,62.8623188405797
"201410","Aberdeen",1981-07-02,293,7625,76.4505119453925
"201410","Tsuen Wan",1983-07-18,547,24628,79.5246800731261
"201410","Murray Road",1973-07-30,388,2957,19.5876288659794
"201410","Kennedy Town",2007-01-15,195,8734,75.3846153846154
"201410","Sheung Fung Street",1989-09-01,268,10768,78.7313432835821
"201410","Tin Hau",1989-08-01,430,14958,68.1395348837209
"201410","Shau Kei Wan",1988-04-01,388,14236,79.1237113402062
"201410","Rumsey Street",1970-06-01,819,28759,54.2124542124542
"201411","Kennedy Town",2007-01-15,195,8884,73.3333333333333
"201411","Sheung Fung Street",1989-09-01,268,10220,77.9850746268657
"201411","Shau Kei Wan",1988-04-01,386,13767,77.4611398963731
"201411","Tsuen Wan",1983-07-18,547,24080,79.1590493601463
"201411","Kwai Fong",1983-05-10,552,10753,62.8623188405797
"201411","Aberdeen",1981-07-02,293,7448,75.4266211604096
"201411","Murray Road",1973-07-30,388,7335,26.2886597938144
"201411","Rumsey Street",1970-06-01,819,29249,56.5323565323565
"201411","City Hall",1959-11-12,172,0,0
"201411","Star Ferry",1957-12-02,379,16942,30.8707124010554
"201411","Yau Ma Tei",1957-10-12,771,35559,54.0856031128405
"201411","Tin Hau",1989-08-01,430,15259,67.906976744186
"201412","Yau Ma Tei",1957-10-12,771,38435,56.1608300907912
"201412","Star Ferry",1957-12-02,379,23826,39.8416886543536
"201412","City Hall",1959-11-12,172,3227,8.72093023255814
"201412","Rumsey Street",1970-06-01,819,31868,58.3638583638584
"201412","Murray Road",1973-07-30,388,13996,34.2783505154639
"201412","Kennedy Town",2007-01-15,195,9685,75.8974358974359
"201412","Kwai Fong",1983-05-10,552,10799,62.8623188405797
"201412","Tsuen Wan",1983-07-18,547,25014,81.1700182815356
"201412","Shau Kei Wan",1988-04-01,386,14644,77.4611398963731
"201412","Tin Hau",1989-08-01,430,19653,77.9069767441861
"201412","Sheung Fung Street",1989-09-01,268,10891,78.7313432835821
"201412","Aberdeen",1981-07-02,293,7589,74.7440273037543
"201501","Yau Ma Tei",1957-10-12,771,39373,57.0687418936446
"201501","Star Ferry",1957-12-02,379,22501,59.6306068601583
"201501","City Hall",1959-11-12,172,9063,26.1627906976744
"201501","Kennedy Town",2007-01-15,195,9150,78.974358974359
"201501","Sheung Fung Street",1989-09-01,268,11156,78.3582089552239
"201501","Rumsey Street",1970-06-01,819,32806,57.1428571428571
"201501","Shau Kei Wan",1988-04-01,386,15314,78.4974093264249
"201501","Tsuen Wan",1983-07-18,547,24801,82.0840950639854
"201501","Kwai Fong",1983-05-10,552,11384,67.3913043478261
"201501","Aberdeen",1981-07-02,293,7575,75.4266211604096
"201501","Murray Road",1973-07-30,388,18676,39.9484536082474
"201501","Tin Hau",1989-08-01,430,16848,72.5581395348837
"201502","Tsuen Wan",1983-07-18,547,24195,82.8153564899452
"201502","Kwai Fong",1983-05-10,552,10354,66.1231884057971
"201502","Murray Road",1973-07-30,388,16307,38.9175257731959
"201502","Aberdeen",1981-07-02,293,7011,73.037542662116
"201502","Rumsey Street",1970-06-01,819,29774,61.6605616605617
"201502","City Hall",1959-11-12,172,8294,26.7441860465116
"201502","Star Ferry",1957-12-02,379,19767,59.3667546174143
"201502","Yau Ma Tei",1957-10-12,771,33960,57.1984435797665
"201502","Kennedy Town",2007-01-15,195,8466,77.948717948718
"201502","Sheung Fung Street",1989-09-01,268,11117,78.7313432835821
"201502","Tin Hau",1989-08-01,430,16258,72.0930232558139
"201502","Shau Kei Wan",1988-04-01,386,14247,77.979274611399
"201503","Rumsey Street",1970-06-01,819,34172,60.6837606837607
"201503","Murray Road",1973-07-30,388,20240,42.0103092783505
"201503","Aberdeen",1981-07-02,293,7699,74.7440273037543
"201503","Kwai Fong",1983-05-10,552,11905,68.1159420289855
"201503","Sheung Fung Street",1989-09-01,268,11615,79.8507462686567
"201503","Kennedy Town",2007-01-15,195,9088,76.9230769230769
"201503","Shau Kei Wan",1988-04-01,386,15145,79.0155440414508
"201503","Tsuen Wan",1983-07-18,547,24788,83.1809872029251
"201503","Yau Ma Tei",1957-10-12,771,38611,59.4033722438392
"201503","Star Ferry",1957-12-02,379,19956,62.0052770448549
"201503","City Hall",1959-11-12,172,9218,28.4883720930233
"201503","Tin Hau",1989-08-01,430,16782,72.0930232558139
"201504","Rumsey Street",1970-06-01,819,30836,61.1721611721612
"201504","Murray Road",1973-07-30,388,17389,39.6907216494845
"201504","Aberdeen",1981-07-02,293,7922,74.7440273037543
"201504","Kwai Fong",1983-05-10,552,9380,85.3260869565217
"201504","City Hall",1959-11-12,172,8215,27.3255813953488
"201504","Star Ferry",1957-12-02,379,19923,60.6860158311346
"201504","Yau Ma Tei",1957-10-12,771,35679,58.8845654993515
"201504","Tin Hau",1989-08-01,430,13640,68.3720930232558
"201504","Shau Kei Wan",1988-04-01,386,14855,79.0155440414508
"201504","Tsuen Wan",1983-07-18,547,23242,84.0950639853748
"201504","Kennedy Town",2007-01-15,195,9002,76.9230769230769
"201504","Sheung Fung Street",1989-09-01,268,11481,79.8507462686567
"201505","City Hall",1959-11-12,172,8537,26.1627906976744
"201505","Rumsey Street",1970-06-01,819,32812,61.4163614163614
"201505","Murray Road",1973-07-30,388,19763,40.4639175257732
"201505","Aberdeen",1981-07-02,293,7907,75.0853242320819
"201505","Kwai Fong",1983-05-10,552,10051,89.4927536231884
"201505","Tsuen Wan",1983-07-18,547,26418,84.8263254113346
"201505","Shau Kei Wan",1988-04-01,386,15342,79.2746113989637
"201505","Tin Hau",1989-08-01,430,15723,68.8372093023256
"201505","Sheung Fung Street",1989-09-01,268,11552,81.3432835820896
"201505","Kennedy Town",2007-01-15,195,9769,76.9230769230769
"201505","Yau Ma Tei",1957-10-12,771,38542,60.0518806744488
"201505","Star Ferry",1957-12-02,379,19787,60.1583113456464
"201506","Kennedy Town",2007-01-15,195,9791,78.974358974359
"201506","Aberdeen",1981-07-02,293,7691,74.061433447099
"201506","Kwai Fong",1983-05-10,552,9896,63.5869565217391
"201506","Tsuen Wan",1983-07-18,547,24170,84.4606946983547
"201506","Shau Kei Wan",1988-04-01,386,14709,80.0518134715026
"201506","Sheung Fung Street",1989-09-01,268,11092,81.3432835820896
"201506","Murray Road",1973-07-30,388,20588,42.2680412371134
"201506","Rumsey Street",1970-06-01,819,32866,62.1489621489621
"201506","City Hall",1959-11-12,172,8650,29.0697674418605
"201506","Star Ferry",1957-12-02,379,19276,37.7308707124011
"201506","Yau Ma Tei",1957-10-12,771,37229,59.9221789883268
"201506","Tin Hau",1989-08-01,430,15493,69.3023255813954
"201507","Sheung Fung Street",1989-09-01,268,11512,83.5820895522388
"201507","Tin Hau",1989-08-01,429,14974,70.3962703962704
"201507","Shau Kei Wan",1988-04-01,386,14792,79.0155440414508
"201507","Tsuen Wan",1983-07-18,547,24931,85.1919561243144
"201507","Kwai Fong",1983-05-10,552,10274,90.2173913043478
"201507","Aberdeen",1981-07-02,293,7823,75.4266211604096
"201507","Kennedy Town",2007-01-15,195,9980,80
"201507","Murray Road",1973-07-30,388,19513,42.7835051546392
"201507","Rumsey Street",1970-06-01,819,33428,62.8815628815629
"201507","City Hall",1959-11-12,172,8127,24.4186046511628
"201507","Star Ferry",1957-12-02,380,20026,60
"201507","Yau Ma Tei",1957-10-12,771,37822,59.1439688715953
"201508","Yau Ma Tei",1957-10-12,771,37590,59.9221789883268
"201508","Star Ferry",1957-12-02,380,20932,61.5789473684211
"201508","City Hall",1959-11-12,172,9122,28.4883720930233
"201508","Rumsey Street",1970-06-01,819,32590,63.003663003663
"201508","Murray Road",1973-07-30,388,19956,43.8144329896907
"201508","Kennedy Town",2007-01-15,195,10346,80
"201508","Sheung Fung Street",1989-09-01,268,11405,81.7164179104478
"201508","Tin Hau",1989-08-01,429,14979,69.9300699300699
"201508","Shau Kei Wan",1988-04-01,386,15124,82.3834196891192
"201508","Tsuen Wan",1983-07-18,545,25723,85.5045871559633
"201508","Kwai Fong",1983-05-10,552,10635,90.036231884058
"201508","Aberdeen",1981-07-02,293,8127,76.4505119453925
"201509","Aberdeen",1981-07-02,293,8001,75.4266211604096
"201509","Murray Road",1973-07-30,388,19849,44.5876288659794
"201509","Rumsey Street",1970-06-01,819,31043,63.1257631257631
"201509","City Hall",1959-11-12,172,8516,30.2325581395349
"201509","Star Ferry",1957-12-02,380,19400,60.7894736842105
"201509","Yau Ma Tei",1957-10-12,771,36874,60.3112840466926
"201509","Kennedy Town",2007-01-15,195,10015,79.4871794871795
"201509","Sheung Fung Street",1989-09-01,268,11181,82.4626865671642
"201509","Tin Hau",1989-08-01,429,16057,71.3286713286713
"201509","Shau Kei Wan",1988-04-01,386,15173,81.3471502590674
"201509","Kwai Fong",1983-05-10,552,10091,90.5797101449275
"201509","Tsuen Wan",1983-07-18,545,25443,83.4862385321101
"201510","Shau Kei Wan",1988-04-01,386,15796,81.6062176165803
"201510","Tsuen Wan",1983-07-18,545,24811,84.0366972477064
"201510","Sheung Fung Street",1989-09-01,268,11507,85.0746268656716
"201510","Kennedy Town",2007-01-15,195,10125,81.025641025641
"201510","Tin Hau",1989-08-01,429,16172,71.7948717948718
"201510","Kwai Fong",1983-05-10,552,10665,89.8550724637681
"201510","Aberdeen",1981-07-02,293,8295,77.8156996587031
"201510","Murray Road",1973-07-30,388,21239,45.1030927835052
"201510","Rumsey Street",1970-06-01,819,31693,60.3174603174603
"201510","City Hall",1959-11-12,172,9343,33.1395348837209
"201510","Star Ferry",1957-12-02,380,20239,61.3157894736842
"201510","Yau Ma Tei",1957-10-12,771,38536,60.8300907911803
"201511","Shau Kei Wan",1988-04-01,386,15285,80.3108808290155
"201511","Tin Hau",1989-08-01,429,16409,72.2610722610723
"201511","Sheung Fung Street",1989-09-01,268,10883,83.2089552238806
"201511","Kennedy Town",2007-01-15,195,9481,81.5384615384615
"201511","Tsuen Wan",1983-07-18,545,23891,83.8532110091743
"201511","Yau Ma Tei",1957-10-12,771,38896,61.6083009079118
"201511","Aberdeen",1981-07-02,293,7902,76.7918088737201
"201511","Murray Road",1973-07-30,388,21881,47.680412371134
"201511","Rumsey Street",1970-06-01,819,31865,62.2710622710623
"201511","City Hall",1959-11-12,172,9478,34.3023255813954
"201511","Star Ferry",1957-12-02,380,19440,61.3157894736842
"201511","Kwai Fong",1983-05-10,552,10786,90.5797101449275
"201512","Tin Hau",1989-08-01,429,19876,79.4871794871795
"201512","Sheung Fung Street",1989-09-01,268,11337,82.089552238806
"201512","Yau Ma Tei",1957-10-12,771,40851,62.5162127107652
"201512","Star Ferry",1957-12-02,380,21763,62.1052631578947
"201512","City Hall",1959-11-12,172,10261,36.6279069767442
"201512","Rumsey Street",1970-06-01,819,32783,63.3699633699634
"201512","Murray Road",1973-07-30,388,21542,45.6185567010309
"201512","Aberdeen",1981-07-02,293,8224,76.4505119453925
"201512","Kwai Fong",1983-05-10,552,10431,91.8478260869565
"201512","Tsuen Wan",1983-07-18,545,25095,83.302752293578
"201512","Shau Kei Wan",1988-04-01,386,15893,80.8290155440415
"201512","Kennedy Town",2007-01-15,195,10101,82.051282051282
"201601","Tsuen Wan",1983-07-18,545,26315,82.2018348623853
"201601","Shau Kei Wan",1988-04-01,386,15907,81.6062176165803
"201601","Rumsey Street",1970-06-01,819,32481,58.4859584859585
"201601","Tin Hau",1989-08-01,429,17383,72.960372960373
"201601","Sheung Fung Street",1989-09-01,268,12291,82.4626865671642
"201601","City Hall",1959-11-12,172,9048,31.9767441860465
"201601","Yau Ma Tei",1957-10-12,771,41645,63.1647211413748
"201601","Star Ferry",1957-12-02,380,22708,56.3157894736842
"201601","Kwai Fong",1983-05-10,552,10588,91.1231884057971
"201601","Aberdeen",1981-07-02,293,8390,77.4744027303754
"201601","Murray Road",1973-07-30,388,21771,47.1649484536082
"201601","Kennedy Town",2007-01-15,195,9869,82.051282051282
"201602","Kennedy Town",2007-01-15,195,9168,80
"201602","Sheung Fung Street",1989-09-01,268,11314,85.8208955223881
"201602","Shau Kei Wan",1988-04-01,386,15288,81.0880829015544
"201602","Tsuen Wan",1983-07-18,545,24588,82.9357798165138
"201602","Kwai Fong",1983-05-10,552,10275,70.8333333333333
"201602","Aberdeen",1981-07-02,293,7855,76.7918088737201
"201602","Murray Road",1973-07-30,388,18348,47.4226804123711
"201602","Rumsey Street",1970-06-01,819,28672,64.2246642246642
"201602","Tin Hau",1989-08-01,429,16336,75.7575757575758
"201602","City Hall",1959-11-12,171,9461,33.3333333333333
"201602","Star Ferry",1957-12-02,380,20405,58.421052631579
"201602","Yau Ma Tei",1957-10-12,770,35453,58.8311688311688
"201603","Murray Road",1973-07-30,388,20670,49.2268041237113
"201603","Aberdeen",1981-07-02,293,8197,76.7918088737201
"201603","Kwai Fong",1983-05-10,552,11533,66.6666666666667
"201603","Tsuen Wan",1983-07-18,545,24397,84.4036697247707
"201603","Shau Kei Wan",1988-04-01,386,15240,82.1243523316062
"201603","Yau Ma Tei",1957-10-12,770,38043,60.2597402597403
"201603","Tin Hau",1989-08-01,429,15315,75.2913752913753
"201603","Sheung Fung Street",1989-09-01,268,11601,83.5820895522388
"201603","Rumsey Street",1970-06-01,819,30866,60.6837606837607
"201603","City Hall",1959-11-12,171,8685,31.5789473684211
"201603","Star Ferry",1957-12-02,380,20311,57.6315789473684
"201603","Kennedy Town",2007-01-15,195,9779,80
"201604","Kennedy Town",2007-01-15,195,10024,80
"201604","Sheung Fung Street",1989-09-01,268,11636,85.4477611940299
"201604","Shau Kei Wan",1988-04-01,386,15479,82.1243523316062
"201604","Tsuen Wan",1983-07-18,545,24894,85.6880733944954
"201604","Kwai Fong",1983-05-10,552,12312,71.0144927536232
"201604","Aberdeen",1981-07-02,293,8457,78.1569965870307
"201604","Murray Road",1973-07-30,388,20283,48.4536082474227
"201604","Rumsey Street",1970-06-01,835,30801,59.7604790419162
"201604","City Hall",1959-11-12,171,6829,25.7309941520468
"201604","Star Ferry",1957-12-02,380,21573,48.6842105263158
"201604","Yau Ma Tei",1957-10-12,770,37351,61.2987012987013
"201604","Tin Hau",1989-08-01,429,15132,72.7272727272727
"201605","Yau Ma Tei",1957-10-12,770,38568,62.2077922077922
"201605","Star Ferry",1957-12-02,380,24250,43.6842105263158
"201605","City Hall",1959-11-12,171,6794,25.7309941520468
"201605","Rumsey Street",1970-06-01,835,32422,62.2754491017964
"201605","Murray Road",1973-07-30,388,21359,47.680412371134
"201605","Kennedy Town",2007-01-15,195,10679,80.5128205128205
"201605","Kwai Fong",1983-05-10,552,13302,69.7463768115942
"201605","Tsuen Wan",1983-07-18,545,25900,85.3211009174312
"201605","Shau Kei Wan",1988-04-01,386,16062,82.6424870466321
"201605","Tin Hau",1989-08-01,429,16040,71.0955710955711
"201605","Sheung Fung Street",1989-09-01,268,11954,85.0746268656716
"201605","Aberdeen",1981-07-02,293,8469,76.4505119453925
"201606","Kwai Fong",1983-05-10,552,13084,70.6521739130435
"201606","Sheung Fung Street",1989-09-01,268,12137,83.955223880597
"201606","Kennedy Town",2007-01-15,195,11019,81.025641025641
"201606","Yau Ma Tei",1957-10-12,770,38332,62.2077922077922
"201606","Star Ferry",1957-12-02,380,23015,43.6842105263158
"201606","City Hall",1959-11-12,171,6753,26.3157894736842
"201606","Rumsey Street",1970-06-01,835,32842,62.9940119760479
"201606","Murray Road",1973-07-30,388,21310,47.9381443298969
"201606","Aberdeen",1981-07-02,293,8495,76.7918088737201
"201606","Tsuen Wan",1983-07-18,545,25630,85.8715596330275
"201606","Shau Kei Wan",1988-04-01,386,16016,83.9378238341969
"201606","Tin Hau",1989-08-01,429,15271,71.0955710955711
"201607","Tsuen Wan",1983-07-18,545,25907,86.0550458715596
"201607","Kwai Fong",1983-05-10,552,13389,70.8333333333333
"201607","Kennedy Town",2007-01-15,195,11082,81.025641025641
"201607","Sheung Fung Street",1989-09-01,268,12855,86.5671641791045
"201607","Tin Hau",1989-08-01,429,15468,69.9300699300699
"201607","Shau Kei Wan",1988-04-01,386,16231,84.7150259067357
"201607","Yau Ma Tei",1957-10-12,770,38963,60.2597402597403
"201607","Star Ferry",1957-12-02,380,22756,42.3684210526316
"201607","City Hall",1959-11-12,171,5319,21.6374269005848
"201607","Rumsey Street",1970-06-01,835,32859,63.9520958083832
"201607","Murray Road",1973-07-30,388,19426,47.1649484536082
"201607","Aberdeen",1981-07-02,293,8600,78.1569965870307
"201608","Aberdeen",1981-07-02,293,8347,77.8156996587031
"201608","Murray Road",1973-07-30,388,21446,49.4845360824742
"201608","Tin Hau",1989-08-01,429,15471,71.7948717948718
"201608","Sheung Fung Street",1989-09-01,268,12053,86.5671641791045
"201608","Kennedy Town",2007-01-15,195,10535,81.5384615384615
"201608","Shau Kei Wan",1988-04-01,386,16040,83.9378238341969
"201608","City Hall",1959-11-12,171,5082,23.3918128654971
"201608","Star Ferry",1957-12-02,380,22729,44.2105263157895
"201608","Yau Ma Tei",1957-10-12,770,38849,62.3376623376623
"201608","Tsuen Wan",1983-07-18,545,25289,86.2385321100918
"201608","Kwai Fong",1983-05-10,552,13023,71.3768115942029
"201608","Rumsey Street",1970-06-01,835,33214,62.2754491017964
"201609","Tsuen Wan",1983-07-18,545,25540,88.0733944954129
"201609","Kwai Fong",1983-05-10,552,13705,71.0144927536232
"201609","Aberdeen",1981-07-02,293,8400,75.4266211604096
"201609","Murray Road",1973-07-30,388,21648,49.4845360824742
"201609","Rumsey Street",1970-06-01,835,33252,62.9940119760479
"201609","City Hall",1959-11-12,170,5753,24.7058823529412
"201609","Star Ferry",1957-12-02,380,22403,45.2631578947368
"201609","Yau Ma Tei",1957-10-12,770,38634,62.8571428571429
"201609","Sheung Fung Street",1989-09-01,268,12397,87.6865671641791
"201609","Kennedy Town",2007-01-15,195,10460,81.5384615384615
"201609","Shau Kei Wan",1988-04-01,386,15994,84.1968911917098
"201609","Tin Hau",1989-08-01,429,16148,72.2610722610723
"201610","Sheung Fung Street",1989-09-01,268,12552,86.9402985074627
"201610","Rumsey Street",1970-06-01,835,31921,61.7964071856287
"201610","City Hall",1959-11-12,170,7760,28.8235294117647
"201610","Star Ferry",1957-12-02,380,23438,46.5789473684211
"201610","Yau Ma Tei",1957-10-12,770,38329,61.1688311688312
"201610","Kennedy Town",2007-01-15,195,10605,80
"201610","Murray Road",1973-07-30,388,21250,49.7422680412371
"201610","Tin Hau",1989-08-01,429,16071,73.1934731934732
"201610","Shau Kei Wan",1988-04-01,386,16054,84.7150259067357
"201610","Tsuen Wan",1983-07-18,545,25668,85.1376146788991
"201610","Kwai Fong",1983-05-10,552,13312,71.195652173913
"201610","Aberdeen",1981-07-02,293,8622,73.3788395904437
"201611","Aberdeen",1981-07-02,293,8393,75.4266211604096
"201611","Kwai Fong",1983-05-10,552,13848,72.2826086956522
"201611","Murray Road",1973-07-30,388,22056,50.2577319587629
"201611","Rumsey Street",1970-06-01,835,32267,66.4670658682635
"201611","City Hall",1959-11-12,170,7867,30
"201611","Star Ferry",1957-12-02,380,24326,48.1578947368421
"201611","Yau Ma Tei",1957-10-12,770,39640,64.5454545454545
"201611","Kennedy Town",2007-01-15,195,10132,80.5128205128205
"201611","Sheung Fung Street",1989-09-01,268,12226,87.6865671641791
"201611","Tin Hau",1989-08-01,429,16493,73.1934731934732
"201611","Shau Kei Wan",1988-04-01,386,15790,85.7512953367876
"201611","Tsuen Wan",1983-07-18,545,25043,85.1376146788991
"201612","Kennedy Town",2007-01-15,195,10774,77.948717948718
"201612","Star Ferry",1957-12-02,380,26484,50.5263157894737
"201612","City Hall",1959-11-12,170,8656,30.5882352941176
"201612","Rumsey Street",1970-06-01,835,32937,64.4311377245509
"201612","Murray Road",1973-07-30,388,20553,46.9072164948454
"201612","Yau Ma Tei",1957-10-12,770,41333,65.7142857142857
"201612","Kwai Fong",1983-05-10,552,13518,71.3768115942029
"201612","Tsuen Wan",1983-07-18,545,26103,86.0550458715596
"201612","Shau Kei Wan",1988-04-01,386,16101,85.7512953367876
"201612","Tin Hau",1989-08-01,429,20685,81.1188811188811
"201612","Sheung Fung Street",1989-09-01,268,12393,87.6865671641791
"201612","Aberdeen",1981-07-02,293,9004,75.4266211604096
"201701","Star Ferry",1957-12-02,380,26715,47.6315789473684
"201701","Kennedy Town",2007-01-15,195,10504,78.974358974359
"201701","Sheung Fung Street",1989-09-01,268,12843,91.044776119403
"201701","Tin Hau",1989-08-01,429,18810,77.6223776223776
"201701","Shau Kei Wan",1988-04-01,386,16362,85.4922279792746
"201701","City Hall",1959-11-12,170,8078,28.2352941176471
"201701","Kwai Fong",1983-05-10,552,13709,70.4710144927536
"201701","Aberdeen",1981-07-02,293,8634,77.1331058020478
"201701","Murray Road",1973-07-30,388,19665,45.8762886597938
"201701","Rumsey Street",1970-06-01,835,32789,63.9520958083832
"201701","Yau Ma Tei",1957-10-12,770,39945,64.1558441558442
"201701","Tsuen Wan",1983-07-18,545,26874,86.9724770642202
"201702","Yau Ma Tei",1957-10-12,770,35999,63.8961038961039
"201702","Kennedy Town",2007-01-15,195,9561,78.4615384615385
"201702","Star Ferry",1957-12-02,380,22762,46.5789473684211
"201702","Tin Hau",1989-08-01,429,14639,74.8251748251748
"201702","City Hall",1959-11-12,170,7075,30
"201702","Rumsey Street",1970-06-01,835,30276,65.5089820359281
"201702","Murray Road",1973-07-30,388,18066,45.6185567010309
"201702","Aberdeen",1981-07-02,293,7674,76.1092150170648
"201702","Kwai Fong",1983-05-10,552,12428,73.3695652173913
"201702","Tsuen Wan",1983-07-18,545,22901,88.0733944954129
"201702","Shau Kei Wan",1988-04-01,386,13850,85.4922279792746
"201702","Sheung Fung Street",1989-09-01,268,11377,89.9253731343284
"201703","Kennedy Town",2007-01-15,195,10660,81.025641025641
"201703","Sheung Fung Street",1989-09-01,268,12429,88.0597014925373
"201703","Tin Hau",1989-08-01,429,16880,77.8554778554778
"201703","Shau Kei Wan",1988-04-01,386,15161,84.9740932642487
"201703","Tsuen Wan",1983-07-18,545,24975,87.1559633027523
"201703","Kwai Fong",1983-05-10,552,13712,72.8260869565217
"201703","Aberdeen",1981-07-02,293,8499,76.4505119453925
"201703","Star Ferry",1957-12-02,380,24421,48.1578947368421
"201703","Rumsey Street",1970-06-01,835,33816,62.874251497006
"201703","City Hall",1959-11-12,170,7829,31.1764705882353
"201703","Murray Road",1973-07-30,388,19204,38.4020618556701
"201703","Yau Ma Tei",1957-10-12,770,40466,64.6753246753247
"201704","Aberdeen",1981-07-02,293,8479,78.4982935153584
"201704","Kwai Fong",1983-05-10,552,12908,70.8333333333333
"201704","Tsuen Wan",1983-07-18,545,24537,87.1559633027523
"201704","Shau Kei Wan",1988-04-01,386,15289,84.1968911917098
"201704","Tin Hau",1989-08-01,429,14317,74.8251748251748
"201704","Rumsey Street",1970-06-01,835,31901,64.5508982035928
"201704","Kennedy Town",2007-01-15,195,10199,82.051282051282
"201704","City Hall",1959-11-12,170,7031,28.8235294117647
"201704","Star Ferry",1957-12-02,380,22783,45
"201704","Yau Ma Tei",1957-10-12,770,35491,60.2597402597403
"201704","Murray Road",1973-07-30,388,14581,27.5773195876289
"201704","Sheung Fung Street",1989-09-01,268,11629,87.6865671641791
"201705","Yau Ma Tei",1957-10-12,770,38666,63.3766233766234
"201705","Star Ferry",1957-12-02,380,24041,45.7894736842105
"201705","City Hall",1959-11-12,170,9057,38.8235294117647
"201705","Rumsey Street",1970-06-01,835,33560,62.0359281437126
"201705","Aberdeen",1981-07-02,293,8669,78.1569965870307
"201705","Kwai Fong",1983-05-10,552,13591,72.2826086956522
"201705","Tsuen Wan",1983-07-18,545,25992,86.2385321100918
"201705","Shau Kei Wan",1988-04-01,386,15534,84.4559585492228
"201705","Tin Hau",1989-08-01,429,15867,74.5920745920746
"201705","Sheung Fung Street",1989-09-01,268,12929,86.1940298507463
"201705","Kennedy Town",2007-01-15,195,10644,82.5641025641026
"201706","Yau Ma Tei",1957-10-12,770,37650,63.2467532467533
"201706","Star Ferry",1957-12-02,380,22972,47.1052631578947
"201706","City Hall",1959-11-12,170,8699,40
"201706","Rumsey Street",1970-06-01,835,33932,62.5149700598802
"201706","Aberdeen",1981-07-02,293,8099,77.8156996587031
"201706","Kennedy Town",2007-01-15,195,10567,82.051282051282
"201706","Tsuen Wan",1983-07-18,545,24795,87.7064220183486
"201706","Shau Kei Wan",1988-04-01,386,14018,83.9378238341969
"201706","Tin Hau",1989-08-01,429,15686,77.3892773892774
"201706","Sheung Fung Street",1989-09-01,268,11998,88.8059701492537
"201706","Kwai Fong",1983-05-10,552,13628,72.463768115942
"201707","Kwai Fong",1983-05-10,552,13887,72.2826086956522
"201707","Tsuen Wan",1983-07-18,545,26187,88.0733944954129
"201707","Shau Kei Wan",1988-04-01,386,14653,84.7150259067357
"201707","Tin Hau",1989-08-01,429,15720,77.1561771561772
"201707","Sheung Fung Street",1989-09-01,268,12303,90.2985074626866
"201707","Kennedy Town",2007-01-15,195,10807,80.5128205128205
"201707","Yau Ma Tei",1957-10-12,770,38870,63.3766233766234
"201707","Star Ferry",1957-12-02,380,22018,45.7894736842105
"201707","City Hall",1959-11-12,170,8153,34.7058823529412
"201707","Rumsey Street",1970-06-01,835,33973,66.4670658682635
"201707","Aberdeen",1981-07-02,293,8408,77.1331058020478
"201708","Shau Kei Wan",1988-04-01,386,13965,85.2331606217617
"201708","Tin Hau",1989-08-01,429,14582,77.1561771561772
"201708","Sheung Fung Street",1989-09-01,268,11918,89.5522388059701
"201708","Kennedy Town",2007-01-15,195,10329,80
"201708","Yau Ma Tei",1957-10-12,770,38012,63.1168831168831
"201708","Star Ferry",1957-12-02,380,22199,48.1578947368421
"201708","Kwai Fong",1983-05-10,552,13610,74.0942028985507
"201708","Aberdeen",1981-07-02,293,8194,80.2047781569966
"201708","Rumsey Street",1970-06-01,835,33387,63.8323353293413
"201708","City Hall",1959-11-12,170,7405,30
"201708","Tsuen Wan",1983-07-18,545,25446,86.9724770642202
"201709","Kennedy Town",2007-01-15,195,10627,82.5641025641026
"201709","Sheung Fung Street",1989-09-01,268,12408,89.1791044776119
"201709","Tin Hau",1989-08-01,429,15964,76.9230769230769
"201709","Kwai Fong",1983-05-10,552,14376,73.731884057971
"201709","Tsuen Wan",1983-07-18,545,26330,86.9724770642202
"201709","Shau Kei Wan",1988-04-01,386,14768,83.9378238341969
"201709","Aberdeen",1981-07-02,293,8205,80.2047781569966
"201709","Rumsey Street",1970-06-01,835,32959,65.0299401197605
"201709","City Hall",1959-11-12,170,7672,33.5294117647059
"201709","Star Ferry",1957-12-02,380,22098,49.4736842105263
"201709","Yau Ma Tei",1957-10-12,770,38811,64.5454545454545
"201710","Kennedy Town",2007-01-15,195,10412,83.5897435897436
"201710","Sheung Fung Street",1989-09-01,268,12100,88.4328358208955
"201710","Tin Hau",1989-08-01,429,16999,78.5547785547786
"201710","Shau Kei Wan",1988-04-01,386,14973,83.419689119171
"201710","Tsuen Wan",1983-07-18,545,26608,86.9724770642202
"201710","Kwai Fong",1983-05-10,552,14169,72.8260869565217
"201710","Star Ferry",1957-12-02,380,23585,47.8947368421053
"201710","City Hall",1959-11-12,170,7400,31.7647058823529
"201710","Rumsey Street",1970-06-01,835,33193,61.6766467065868
"201710","Aberdeen",1981-07-02,293,8594,78.839590443686
"201710","Yau Ma Tei",1957-10-12,770,38466,63.1168831168831
"201711","Kennedy Town",2007-01-15,195,10455,82.051282051282
"201711","Sheung Fung Street",1989-09-01,268,12230,90.6716417910448
"201711","Tin Hau",1989-08-01,429,15451,80.8857808857809
"201711","Yau Ma Tei",1957-10-12,770,39603,65.3246753246753
"201711","Tsuen Wan",1983-07-18,545,25272,88.4403669724771
"201711","Shau Kei Wan",1988-04-01,386,14449,83.6787564766839
"201711","Star Ferry",1957-12-02,380,24249,53.4210526315789
"201711","City Hall",1959-11-12,170,7895,34.7058823529412
"201711","Rumsey Street",1970-06-01,835,34284,62.1556886227545
"201711","Aberdeen",1981-07-02,293,8189,77.8156996587031
"201711","Kwai Fong",1983-05-10,552,14545,73.0072463768116
"201712","Aberdeen",1981-07-02,293,8486,78.839590443686
"201712","Rumsey Street",1970-06-01,835,34260,63.4730538922156
"201712","City Hall",1959-11-12,170,8954,33.5294117647059
"201712","Star Ferry",1957-12-02,380,27523,52.6315789473684
"201712","Yau Ma Tei",1957-10-12,770,40665,64.1558441558442
"201712","Kennedy Town",2007-01-15,195,11331,81.025641025641
"201712","Tsuen Wan",1983-07-18,545,26348,88.8073394495413
"201712","Shau Kei Wan",1988-04-01,386,14983,83.6787564766839
"201712","Tin Hau",1989-08-01,429,19007,82.983682983683
"201712","Sheung Fung Street",1989-09-01,268,12907,91.044776119403
"201712","Kwai Fong",1983-05-10,552,14887,72.463768115942
"201801","Yau Ma Tei",1957-10-12,770,40610,65.7142857142857
"201801","Star Ferry",1957-12-02,380,26949,51.0526315789474
"201801","City Hall",1959-11-12,170,9713,42.9411764705882
"201801","Rumsey Street",1970-06-01,835,33761,62.7544910179641
"201801","Aberdeen",1981-07-02,293,8361,81.2286689419795
"201801","Kwai Fong",1983-05-10,552,14629,73.731884057971
"201801","Tsuen Wan",1983-07-18,545,25160,89.1743119266055
"201801","Shau Kei Wan",1988-04-01,386,14922,84.1968911917098
"201801","Tin Hau",1989-08-01,429,16953,81.3519813519814
"201801","Sheung Fung Street",1989-09-01,268,13062,88.8059701492537
"201801","Kennedy Town",2007-01-15,195,10956,81.025641025641
"201802","Yau Ma Tei",1957-10-12,770,35067,64.4155844155844
"201802","Star Ferry",1957-12-02,380,23374,49.4736842105263
"201802","City Hall",1959-11-12,170,9145,42.9411764705882
"201802","Rumsey Street",1970-06-01,835,30401,66.5868263473054
"201802","Aberdeen",1981-07-02,293,7843,81.5699658703072
"201802","Kwai Fong",1983-05-10,552,13617,72.8260869565217
"201802","Tsuen Wan",1983-07-18,545,23419,89.7247706422018
"201802","Shau Kei Wan",1988-04-01,386,14088,84.4559585492228
"201802","Tin Hau",1989-08-01,429,15915,77.1561771561772
"201802","Sheung Fung Street",1989-09-01,268,11493,91.4179104477612
"201802","Kennedy Town",2007-01-15,195,9876,82.051282051282
"201803","Yau Ma Tei",1957-10-12,770,40475,65.5844155844156
"201803","Star Ferry",1957-12-02,380,25382,51.0526315789474
"201803","City Hall",1959-11-12,170,9809,43.5294117647059
"201803","Rumsey Street",1970-06-01,835,34140,66.7065868263473
"201803","Aberdeen",1981-07-02,293,8495,81.2286689419795
"201803","Kwai Fong",1983-05-10,552,14902,72.8260869565217
"201803","Tsuen Wan",1983-07-18,545,25898,89.1743119266055
"201803","Shau Kei Wan",1988-04-01,386,14731,84.1968911917098
"201803","Tin Hau",1989-08-01,429,16244,76.4568764568765
"201803","Sheung Fung Street",1989-09-01,268,12946,89.9253731343284
"201803","Kennedy Town",2007-01-15,195,11109,80
"201804","Yau Ma Tei",1957-10-12,770,36609,63.8961038961039
"201804","Star Ferry",1957-12-02,380,22733,48.6842105263158
"201804","City Hall",1959-11-12,170,8797,42.9411764705882
"201804","Rumsey Street",1970-06-01,835,31993,65.6287425149701
"201804","Aberdeen",1981-07-02,293,8433,81.2286689419795
"201804","Kwai Fong",1983-05-10,552,14046,73.9130434782609
"201804","Tsuen Wan",1983-07-18,545,25343,89.1743119266055
"201804","Shau Kei Wan",1988-04-01,386,14692,83.9378238341969
"201804","Tin Hau",1989-08-01,429,14787,75.0582750582751
"201804","Sheung Fung Street",1989-09-01,268,12315,89.9253731343284
"201804","Kennedy Town",2007-01-15,195,10669,81.025641025641
"201805","Yau Ma Tei",1957-10-12,770,38576,63.6363636363636
"201805","Star Ferry",1957-12-02,380,24936,49.4736842105263
"201805","City Hall",1959-11-12,170,9492,42.9411764705882
"201805","Rumsey Street",1970-06-01,835,33997,64.9101796407186
"201805","Aberdeen",1981-07-02,293,8272,79.8634812286689
"201805","Kwai Fong",1983-05-10,552,14812,73.731884057971
"201805","Tsuen Wan",1983-07-18,545,26630,88.9908256880734
"201805","Shau Kei Wan",1988-04-01,386,15049,84.1968911917098
"201805","Tin Hau",1989-08-01,429,16398,75.7575757575758
"201805","Sheung Fung Street",1989-09-01,268,12815,90.6716417910448
"201805","Kennedy Town",2007-01-15,195,11010,78.974358974359
"201806","Yau Ma Tei",1957-10-12,770,37588,63.8961038961039
"201806","Star Ferry",1957-12-02,380,23588,48.6842105263158
"201806","City Hall",1959-11-12,170,9254,41.7647058823529
"201806","Rumsey Street",1970-06-01,835,32143,66.4670658682635
"201806","Aberdeen",1981-07-02,293,8158,79.5221843003413
"201806","Kwai Fong",1983-05-10,552,13168,71.9202898550725
"201806","Tsuen Wan",1983-07-18,545,25329,88.9908256880734
"201806","Shau Kei Wan",1988-04-01,386,14386,84.4559585492228
"201806","Tin Hau",1989-08-01,429,15496,73.4265734265734
"201806","Sheung Fung Street",1989-09-01,268,12858,89.5522388059701
"201806","Kennedy Town",2007-01-15,195,10188,79.4871794871795
"201807","Yau Ma Tei",1957-10-12,770,38453,63.5064935064935
"201807","Star Ferry",1957-12-02,380,22660,47.6315789473684
"201807","City Hall",1959-11-12,170,9156,41.7647058823529
"201807","Rumsey Street",1970-06-01,835,33184,65.6287425149701
"201807","Aberdeen",1981-07-02,293,8100,80.8873720136519
"201807","Kwai Fong",1983-05-10,552,13244,70.6521739130435
"201807","Tsuen Wan",1983-07-18,545,25895,88.6238532110092
"201807","Shau Kei Wan",1988-04-01,386,14605,83.9378238341969
"201807","Tin Hau",1989-08-01,429,15162,73.4265734265734
"201807","Sheung Fung Street",1989-09-01,268,12963,90.2985074626866
"201807","Kennedy Town",2007-01-15,195,10662,80
"201808","Yau Ma Tei",1957-10-12,770,39121,63.2467532467533
"201808","Star Ferry",1957-12-02,380,23547,47.8947368421053
"201808","City Hall",1959-11-12,170,9535,42.3529411764706
"201808","Rumsey Street",1970-06-01,835,34150,65.8682634730539
"201808","Aberdeen",1981-07-02,293,8157,81.2286689419795
"201808","Kwai Fong",1983-05-10,552,14118,72.6449275362319
"201808","Tsuen Wan",1983-07-18,545,25842,88.6238532110092
"201808","Shau Kei Wan",1988-04-01,386,14397,83.9378238341969
"201808","Tin Hau",1989-08-01,429,14827,73.6596736596737
"201808","Sheung Fung Street",1989-09-01,268,12779,91.4179104477612
"201808","Kennedy Town",2007-01-15,195,10601,80
"201809","Sheung Fung Street",1989-09-01,268,12088,91.044776119403
"201809","Kennedy Town",2007-01-15,195,10433,82.051282051282
"201809","Yau Ma Tei",1957-10-12,770,37046,64.2857142857143
"201809","Star Ferry",1957-12-02,380,21716,45.7894736842105
"201809","City Hall",1959-11-12,170,8487,41.7647058823529
"201809","Rumsey Street",1970-06-01,835,31062,64.1916167664671
"201809","Aberdeen",1981-07-02,293,8039,80.8873720136519
"201809","Kwai Fong",1983-05-10,552,13922,74.4565217391304
"201809","Tsuen Wan",1983-07-18,545,24268,89.5412844036697
"201809","Shau Kei Wan",1988-04-01,386,13547,83.9378238341969
"201809","Tin Hau",1989-08-01,429,15698,74.1258741258741
"201810","City Hall",1959-11-12,170,9010,45.8823529411765
"201810","Rumsey Street",1970-06-01,835,32793,62.9940119760479
"201810","Aberdeen",1981-07-02,293,8380,80.8873720136519
"201810","Kwai Fong",1983-05-10,552,14672,74.2753623188406
"201810","Tsuen Wan",1983-07-18,545,25760,88.4403669724771
"201810","Tin Hau",1989-08-01,429,16360,73.6596736596737
"201810","Yau Ma Tei",1957-10-12,770,39168,63.7662337662338
"201810","Star Ferry",1957-12-02,380,24371,47.8947368421053
"201810","Kennedy Town",2007-01-15,195,10978,81.5384615384615
"201810","Sheung Fung Street",1989-09-01,268,12692,91.4179104477612
"201810","Shau Kei Wan",1988-04-01,386,14785,82.9015544041451
"201811","Kennedy Town",2007-01-15,195,10778,78.4615384615385
"201811","Sheung Fung Street",1989-09-01,268,12421,86.1940298507463
"201811","Tin Hau",1989-08-01,429,15392,74.1258741258741
"201811","Shau Kei Wan",1988-04-01,386,13879,82.9015544041451
"201811","Tsuen Wan",1983-07-18,545,21292,89.9082568807339
"201811","Kwai Fong",1983-05-10,552,14560,73.3695652173913
"201811","Rumsey Street",1970-06-01,835,32522,61.9161676646707
"201811","Aberdeen",1981-07-02,293,7922,80.8873720136519
"201811","City Hall",1959-11-12,170,9230,42.9411764705882
"201811","Star Ferry",1957-12-02,380,24109,49.7368421052632
"201811","Yau Ma Tei",1957-10-12,770,37919,64.2857142857143
"201812","Kwai Fong",1983-05-10,552,14850,73.1884057971015
"201812","Aberdeen",1981-07-02,293,8098,80.8873720136519
"201812","Rumsey Street",1970-06-01,835,31982,60
"201812","City Hall",1959-11-12,170,9782,42.9411764705882
"201812","Star Ferry",1957-12-02,380,27363,51.0526315789474
"201812","Sheung Fung Street",1989-09-01,268,12966,86.5671641791045
"201812","Tsuen Wan",1983-07-18,545,23308,90.0917431192661
"201812","Shau Kei Wan",1988-04-01,386,14830,82.9015544041451
"201812","Tin Hau",1989-08-01,429,17602,75.2913752913753
"201812","Kennedy Town",2007-01-15,195,11184,80.5128205128205
"201812","Yau Ma Tei",1957-10-12,770,40388,63.2467532467533
"201901","Yau Ma Tei",1957-10-12,770,41637,65.8441558441558
"201901","Star Ferry",1957-12-02,380,26723,52.1052631578947
"201901","City Hall",1959-11-12,170,9946,44.1176470588235
"201901","Kennedy Town",2007-01-15,195,11073,79.4871794871795
"201901","Sheung Fung Street",1989-09-01,268,12815,89.5522388059701
"201901","Rumsey Street",1970-06-01,835,33390,59.2814371257485
"201901","Shau Kei Wan",1988-04-01,386,15468,83.160621761658
"201901","Tsuen Wan",1983-07-18,545,25383,88.8073394495413
"201901","Kwai Fong",1983-05-10,552,13392,69.9275362318841
"201901","Aberdeen",1981-07-02,293,8348,78.4982935153584
"201901","Tin Hau",1989-08-01,429,16795,74.3589743589744
"201902","Star Ferry",1957-12-02,380,23071,48.6842105263158
"201902","Yau Ma Tei",1957-10-12,770,32745,61.5584415584416
"201902","Kennedy Town",2007-01-15,195,10152,80.5128205128205
"201902","Rumsey Street",1970-06-01,835,28624,61.3173652694611
"201902","Aberdeen",1981-07-02,293,7539,81.2286689419795
"201902","Kwai Fong",1983-05-10,552,13392,73.3695652173913
"201902","Tsuen Wan",1983-07-18,545,22477,89.3577981651376
"201902","Shau Kei Wan",1988-04-01,386,14022,83.419689119171
"201902","City Hall",1959-11-12,170,8345,41.7647058823529
"201902","Sheung Fung Street",1989-09-01,268,11131,88.8059701492537
"201902","Tin Hau",1989-08-01,429,14343,72.960372960373
"201903","Tsuen Wan",1983-07-18,545,25456,89.5412844036697
"201903","Kwai Fong",1983-05-10,552,15134,73.731884057971
"201903","Aberdeen",1981-07-02,293,8512,78.4982935153584
"201903","Rumsey Street",1970-06-01,835,33462,60.5988023952096
"201903","City Hall",1959-11-12,170,8789,41.1764705882353
"201903","Star Ferry",1957-12-02,380,25173,50.2631578947368
"201903","Yau Ma Tei",1957-10-12,770,39362,64.8051948051948
"201903","Kennedy Town",2007-01-15,195,11489,80.5128205128205
"201903","Sheung Fung Street",1989-09-01,268,12646,88.0597014925373
"201903","Shau Kei Wan",1988-04-01,386,15385,83.419689119171
"201903","Tin Hau",1989-08-01,429,15697,73.6596736596737
"201904","Yau Ma Tei",1957-10-12,770,35660,62.2077922077922
"201904","Star Ferry",1957-12-02,380,22938,46.8421052631579
"201904","City Hall",1959-11-12,170,7135,37.0588235294118
"201904","Rumsey Street",1970-06-01,835,22211,59.6407185628742
"201904","Aberdeen",1981-07-02,293,7975,78.839590443686
"201904","Kennedy Town",2007-01-15,195,10604,79.4871794871795
"201904","Tsuen Wan",1983-07-18,545,24309,89.1743119266055
"201904","Shau Kei Wan",1988-04-01,386,14545,82.9015544041451
"201904","Tin Hau",1989-08-01,429,13447,72.027972027972
"201904","Sheung Fung Street",1989-09-01,268,13167,85.8208955223881
"201904","Kwai Fong",1983-05-10,477,13588,84.9
"201905","City Hall",1959-11-12,170,7635,36.4705882352941
"201905","Rumsey Street",1970-06-01,835,34247,59.6407185628742
"201905","Aberdeen",1981-07-02,293,8225,78.839590443686
"201905","Kwai Fong",1983-05-10,477,14264,83.9
"201905","Tsuen Wan",1983-07-18,545,24734,88.9908256880734
"201905","Shau Kei Wan",1988-04-01,386,14569,82.9015544041451
"201905","Tin Hau",1989-08-01,429,15145,72.7272727272727
"201905","Sheung Fung Street",1989-09-01,268,13217,85.0746268656716
"201905","Kennedy Town",2007-01-15,195,11282,78.4615384615385
"201905","Yau Ma Tei",1957-10-12,770,38498,64.025974025974
"201905","Star Ferry",1957-12-02,380,23880,47.1052631578947
"201906","Yau Ma Tei",1957-10-12,770,34999,61.038961038961
"201906","Star Ferry",1957-12-02,380,20275,41.5789473684211
"201906","City Hall",1959-11-12,170,6119,30.5882352941176
"201906","Rumsey Street",1970-06-01,835,31943,59.1616766467066
"201906","Aberdeen",1981-07-02,293,7935,78.4982935153584
"201906","Kennedy Town",2007-01-15,195,10777,78.974358974359
"201906","Tsuen Wan",1983-07-18,545,23787,88.256880733945
"201906","Shau Kei Wan",1988-04-01,386,14592,81.8652849740933
"201906","Tin Hau",1989-08-01,429,14342,72.027972027972
"201906","Sheung Fung Street",1989-09-01,268,12628,85.0746268656716
"201906","Kwai Fong",1983-05-10,477,13424,80.3
"201907","Sheung Fung Street",1989-09-01,268,12314,85.4477611940299
"201907","Kennedy Town",2007-01-15,195,10713,77.948717948718
"201907","Tin Hau",1989-08-01,429,13847,69.9300699300699
"201907","Shau Kei Wan",1988-04-01,386,14315,79.7927461139896
"201907","Tsuen Wan",1983-07-18,545,23632,87.7064220183486
"201907","Kwai Fong",1983-05-10,477,13413,80.293501048218
"201907","Aberdeen",1981-07-02,293,7743,77.4744027303754
"201907","Rumsey Street",1970-06-01,835,32349,58.2035928143713
"201907","City Hall",1959-11-12,170,6089,30
"201907","Star Ferry",1957-12-02,380,20882,41.3157894736842
"201907","Yau Ma Tei",1957-10-12,770,34195,60.6493506493507
"201908","Yau Ma Tei",1957-10-12,770,30723,58.4415584415584
"201908","Star Ferry",1957-12-02,380,20332,40.7894736842105
"201908","Kennedy Town",2007-01-15,195,10303,76.9230769230769
"201908","Sheung Fung Street",1989-09-01,268,11942,81.7164179104478
"201908","Tin Hau",1989-08-01,429,13485,68.5314685314685
"201908","Shau Kei Wan",1988-04-01,386,13534,77.979274611399
"201908","Tsuen Wan",1983-07-18,545,22451,86.4220183486239
"201908","Kwai Fong",1983-05-10,477,13297,80.293501048218
"201908","Aberdeen",1981-07-02,293,7810,74.4027303754266
"201908","Rumsey Street",1970-06-01,835,31827,57.6047904191617
"201908","City Hall",1959-11-12,170,6551,30
"201909","Kennedy Town",2007-01-15,195,10175,76.4102564102564
"201909","Star Ferry",1957-12-02,380,20393,39.7368421052632
"201909","City Hall",1959-11-12,170,6067,29.4117647058824
"201909","Rumsey Street",1970-06-01,835,30434,58.9221556886228
"201909","Aberdeen",1981-07-02,293,8192,74.4027303754266
"201909","Yau Ma Tei",1957-10-12,770,29370,55.8441558441558
"201909","Tsuen Wan",1983-07-18,545,22570,84.4036697247707
"201909","Shau Kei Wan",1988-04-01,386,13865,74.3523316062176
"201909","Tin Hau",1989-08-01,429,14258,69.2307692307692
"201909","Sheung Fung Street",1989-09-01,268,12022,83.2089552238806
"201909","Kwai Fong",1983-05-10,477,13227,78.4067085953878
"201910","Yau Ma Tei",1957-10-12,770,26697,54.025974025974
"201910","Kennedy Town",2007-01-15,195,9646,74.3589743589744
"201910","Sheung Fung Street",1989-09-01,268,11383,81.3432835820896
"201910","Tin Hau",1989-08-01,429,13932,70.1631701631702
"201910","Shau Kei Wan",1988-04-01,386,13830,75.1295336787565
"201910","Tsuen Wan",1983-07-18,545,20968,82.3853211009174
"201910","City Hall",1959-11-12,170,5655,27.6470588235294
"201910","Rumsey Street",1970-06-01,835,29889,56.7664670658683
"201910","Aberdeen",1981-07-02,293,8497,74.061433447099
"201910","Kwai Fong",1983-05-10,477,13587,77.5681341719078
"201910","Star Ferry",1957-12-02,380,19948,39.2105263157895
"201911","Aberdeen",1981-07-02,293,8141,74.061433447099
"201911","Rumsey Street",1970-06-01,835,28557,54.9700598802395
"201911","City Hall",1959-11-12,170,5308,24.7058823529412
"201911","Star Ferry",1957-12-02,377,17486,36.3395225464191
"201911","Yau Ma Tei",1957-10-12,770,22025,50.5194805194805
"201911","Sheung Fung Street",1989-09-01,267,10750,76.4044943820225
"201911","Kennedy Town",2007-01-15,195,8530,70.7692307692308
"201911","Tin Hau",1989-08-01,428,12958,68.9252336448598
"201911","Shau Kei Wan",1988-04-01,385,12635,75.5844155844156
"201911","Tsuen Wan",1983-07-18,545,20089,83.8532110091743
"201911","Kwai Fong",1983-05-10,477,13184,75.6813417190776
"201912","Tsuen Wan",1983-07-18,545,21441,84.954128440367
"201912","Shau Kei Wan",1988-04-01,385,13119,72.7272727272727
"201912","Tin Hau",1989-08-01,428,17015,71.4953271028037
"201912","Sheung Fung Street",1989-09-01,267,10888,77.9026217228464
"201912","Kennedy Town",2007-01-15,195,9222,74.3589743589744
"201912","Yau Ma Tei",1957-10-12,770,24916,51.4285714285714
"201912","Aberdeen",1981-07-02,293,8345,77.8156996587031
"201912","Rumsey Street",1970-06-01,835,28404,53.8922155688623
"201912","City Hall",1959-11-12,170,6036,25.2941176470588
"201912","Star Ferry",1957-12-02,377,23008,40.053050397878
"201912","Kwai Fong",1983-05-10,477,13142,74.2138364779874
"202001","Yau Ma Tei",1957-10-12,770,24643,50.5194805194805
"202001","Star Ferry",1957-12-02,377,22298,40.8488063660477
"202001","City Hall",1959-11-12,170,6226,27.0588235294118
"202001","Rumsey Street",1970-06-01,835,27776,48.1437125748503
"202001","Aberdeen",1981-07-02,293,8376,76.4505119453925
"202001","Kwai Fong",1983-05-10,531,13210,66.6666666666667
"202001","Tsuen Wan",1983-07-18,545,21572,84.0366972477064
"202001","Shau Kei Wan",1988-04-01,385,13534,74.025974025974
"202001","Tin Hau",1989-08-01,428,14729,68.2242990654206
"202001","Sheung Fung Street",1989-09-01,267,10922,76.4044943820225
"202001","Kennedy Town",2007-01-15,195,9010,73.3333333333333
"202002","Yau Ma Tei",1957-10-12,770,18798,49.6
"202002","Star Ferry",1957-12-02,377,15905,40.3
"202002","City Hall",1959-11-12,170,5628,32.4
"202002","Rumsey Street",1970-06-01,835,22235,44.6
"202002","Aberdeen",1981-07-02,293,7165,81.2
"202002","Kwai Fong",1983-05-10,531,12200,71.4
"202002","Tsuen Wan",1983-07-18,545,18280,82.8
"202002","Shau Kei Wan",1988-04-01,385,11913,78.2
"202002","Tin Hau",1989-08-01,428,10613,67.5
"202002","Sheung Fung Street",1989-09-01,267,9026,75.7
"202002","Kennedy Town",2007-01-15,195,7559,73.3
"202003","Yau Ma Tei",1957-10-12,770,23983,51.4285714285714
"202003","Star Ferry",1957-12-02,377,17342,40.3183023872679
"202003","City Hall",1959-11-12,170,5838,31.7647058823529
"202003","Rumsey Street",1970-06-01,835,26299,42.9940119760479
"202003","Aberdeen",1981-07-02,293,8195,79.1808873720137
"202003","Kwai Fong",1983-05-10,531,13545,70.2448210922787
"202003","Tsuen Wan",1983-07-18,545,20482,83.4862385321101
"202003","Shau Kei Wan",1988-04-01,385,13074,79.4805194805195
"202003","Tin Hau",1989-08-01,428,11939,68.4579439252336
"202003","Sheung Fung Street",1989-09-01,267,9997,80.1498127340824
"202003","Kennedy Town",2007-01-15,195,9027,76.9230769230769
"202004","Yau Ma Tei",1957-10-12,770,21555,50.1298701298701
"202004","Star Ferry",1957-12-02,377,17110,37.4005305039788
"202004","City Hall",1959-11-12,170,5313,27.0588235294118
"202004","Rumsey Street",1970-06-01,835,24905,39.0419161676647
"202004","Aberdeen",1981-07-02,293,7902,81.9112627986348
"202004","Kwai Fong",1983-05-10,531,11540,69.1148775894539
"202004","Tsuen Wan",1983-07-18,545,20114,81.2844036697248
"202004","Shau Kei Wan",1988-04-01,385,13282,80
"202004","Tin Hau",1989-08-01,428,10781,68.4579439252336
"202004","Sheung Fung Street",1989-09-01,267,9431,83.5205992509363
"202004","Kennedy Town",2007-01-15,195,9356,78.974358974359
"202005","Sheung Fung Street",1989-09-01,267,10671,85.3932584269663
"202005","Kennedy Town",2007-01-15,195,10813,78.4615384615385
"202005","Yau Ma Tei",1957-10-12,770,28416,54.5454545454545
"202005","Star Ferry",1957-12-02,377,19623,41.1140583554377
"202005","City Hall",1959-11-12,170,6416,30
"202005","Rumsey Street",1970-06-01,835,29156,40.9580838323353
"202005","Aberdeen",1981-07-02,293,8321,81.2286689419795
"202005","Kwai Fong",1983-05-10,531,13860,71.3747645951036
"202005","Tsuen Wan",1983-07-18,545,22420,80.5504587155963
"202005","Shau Kei Wan",1988-04-01,385,14357,78.1818181818182
"202005","Tin Hau",1989-08-01,428,12927,69.6261682242991
"202006","Yau Ma Tei",1957-10-12,770,29751,55.1948051948052
"202006","Star Ferry",1957-12-02,377,20322,42.9708222811671
"202006","City Hall",1959-11-12,170,7190,32.9411764705882
"202006","Rumsey Street",1970-06-01,835,30130,40.4790419161677
"202006","Aberdeen",1981-07-02,293,8338,79.8634812286689
"202006","Kwai Fong",1983-05-10,531,14475,71.939736346516
"202006","Tsuen Wan",1983-07-18,545,22979,78.7155963302752
"202006","Shau Kei Wan",1988-04-01,385,13966,77.4025974025974
"202006","Tin Hau",1989-08-01,428,13784,72.4299065420561
"202006","Sheung Fung Street",1989-09-01,267,11441,81.6479400749064
"202006","Kennedy Town",2007-01-15,195,10943,80.5128205128205
"202007","Yau Ma Tei",1957-10-12,770,26913,53.7662337662338
"202007","Star Ferry",1957-12-02,377,19248,39.7877984084881
"202007","City Hall",1959-11-12,170,6334,31.1764705882353
"202007","Rumsey Street",1970-06-01,835,28387,42.9940119760479
"202007","Aberdeen",1981-07-02,293,8322,80.8873720136519
"202007","Kwai Fong",1983-05-10,531,13795,72.5047080979284
"202007","Tsuen Wan",1983-07-18,545,21276,81.4678899082569
"202007","Shau Kei Wan",1988-04-01,385,13744,78.4415584415584
"202007","Tin Hau",1989-08-01,428,12792,71.4953271028037
"202007","Sheung Fung Street",1989-09-01,267,9998,80.1498127340824
"202007","Kennedy Town",2007-01-15,195,10061,79.4871794871795
"202008","Yau Ma Tei",1957-10-12,770,25033,51.9480519480519
"202008","Star Ferry",1957-12-02,377,18322,37.4005305039788
"202008","City Hall",1959-11-12,170,4963,27.6470588235294
"202008","Rumsey Street",1970-06-01,835,26135,43.4730538922156
"202008","Aberdeen",1981-07-02,293,7776,77.4744027303754
"202008","Kwai Fong",1983-05-10,531,12412,71.5630885122411
"202008","Tsuen Wan",1983-07-18,545,20729,81.4678899082569
"202008","Shau Kei Wan",1988-04-01,385,13150,79.2207792207792
"202008","Tin Hau",1989-08-01,428,11891,68.2242990654206
"202008","Sheung Fung Street",1989-09-01,267,9366,82.3970037453184
"202008","Kennedy Town",2007-01-15,195,9780,78.974358974359
"202009","Shau Kei Wan",1988-04-01,385,13753,78.4415584415584
"202009","Tin Hau",1989-08-01,428,13485,68.6915887850467
"202009","Sheung Fung Street",1989-09-01,267,10583,79.0262172284644
"202009","Kennedy Town",2007-01-15,195,10497,77.4358974358974
"202009","Yau Ma Tei",1957-10-12,770,28842,55.3246753246753
"202009","Star Ferry",1957-12-02,377,20424,41.9098143236074
"202009","City Hall",1959-11-12,170,6493,31.7647058823529
"202009","Rumsey Street",1970-06-01,835,29384,45.6287425149701
"202009","Aberdeen",1981-07-02,293,8039,75.4266211604096
"202009","Kwai Fong",1983-05-10,531,13689,71.939736346516
"202009","Tsuen Wan",1983-07-18,545,22306,82.2018348623853
"202010","Aberdeen",1981-07-02,293,8910,76.4505119453925
"202010","Rumsey Street",1970-06-01,835,28359,36.4071856287425
"202010","City Hall",1959-11-12,170,7049,31.1764705882353
"202010","Star Ferry",1957-12-02,377,21304,42.9708222811671
"202010","Yau Ma Tei",1957-10-12,770,30663,51.038961038961
"202010","Kennedy Town",2007-01-15,195,11355,78.4615384615385
"202010","Tsuen Wan",1983-07-18,545,23489,83.8532110091743
"202010","Shau Kei Wan",1988-04-01,385,14857,78.961038961039
"202010","Tin Hau",1989-08-01,428,14980,67.2897196261682
"202010","Sheung Fung Street",1989-09-01,267,11880,78.6516853932584
"202010","Kwai Fong",1983-05-10,531,14285,72.5047080979284
"202011","Aberdeen",1981-07-02,293,8672,78.4982935153584
"202011","Rumsey Street",1970-06-01,835,29396,37.9640718562874
"202011","City Hall",1959-11-12,170,7359,32.9411764705882
"202011","Star Ferry",1957-12-02,377,21798,44.8275862068966
"202011","Yau Ma Tei",1957-10-12,440,20843,74.5454545454545
"202011","Kwai Fong",1983-05-10,531,14533,71.3747645951036
"202011","Kennedy Town",2007-01-15,195,10926,77.948717948718
"202011","Sheung Fung Street",1989-09-01,267,11464,79.0262172284644
"202011","Tin Hau",1989-08-01,428,14935,69.1588785046729
"202011","Shau Kei Wan",1988-04-01,385,14332,79.4805194805195
"202011","Tsuen Wan",1983-07-18,545,22542,82.3853211009174
"202012","Yau Ma Tei",1957-10-12,350,16007,60.5714285714286
"202012","Star Ferry",1957-12-02,377,21613,40.053050397878
"202012","City Hall",1959-11-12,170,5772,26.4705882352941
"202012","Rumsey Street",1970-06-01,835,27992,37.6047904191617
"202012","Aberdeen",1981-07-02,293,8768,76.4505119453925
"202012","Kennedy Town",2007-01-15,195,10704,80.5128205128205
"202012","Tin Hau",1989-08-01,428,13001,68.9252336448598
"202012","Shau Kei Wan",1988-04-01,385,14078,80.7792207792208
"202012","Tsuen Wan",1983-07-18,545,21215,83.1192660550459
"202012","Kwai Fong",1983-05-10,531,13165,73.0696798493409
"202012","Sheung Fung Street",1989-09-01,267,11230,77.5280898876404
